plant_id,blocco
9218,blocco_1
9259,blocco_1
9294,blocco_1
9312,blocco_1
9363,blocco_1
9378,blocco_1
9399,blocco_1
9412,blocco_1
9425,blocco_1
9469,blocco_1
9472,blocco_1
9480,blocco_1
9490,blocco_1
9515,blocco_1
9521,blocco_1
9544,blocco_1
9550,blocco_1
9567,blocco_1
9572,blocco_1
9587,blocco_1
9589,blocco_1
9623,blocco_1
9640,blocco_1
9641,blocco_1
9663,blocco_1
9667,blocco_1
9668,blocco_1
9691,blocco_1
9697,blocco_1
9713,blocco_1
9719,blocco_1
9740,blocco_1
9750,blocco_1
9757,blocco_1
9768,blocco_1
9779,blocco_1
9797,blocco_1
9800,blocco_1
9804,blocco_1
9814,blocco_1
9835,blocco_1
9851,blocco_1
9853,blocco_1
9867,blocco_1
9879,blocco_1
9881,blocco_1
9882,blocco_1
9891,blocco_1
9902,blocco_1
9914,blocco_1
9923,blocco_1
9941,blocco_1
9960,blocco_1
9981,blocco_1
9982,blocco_1
9983,blocco_1
9986,blocco_1
9991,blocco_1
10006,blocco_1
10031,blocco_1
10041,blocco_1
10053,blocco_1
10054,blocco_1
10059,blocco_1
10072,blocco_1
10098,blocco_1
10107,blocco_1
10112,blocco_1
10150,blocco_1
10163,blocco_1
10164,blocco_1
10176,blocco_1
10182,blocco_1
10183,blocco_1
10198,blocco_1
10210,blocco_1
10219,blocco_1
10231,blocco_1
10237,blocco_1
10251,blocco_1
10257,blocco_1
10262,blocco_1
10264,blocco_1
10299,blocco_1
10303,blocco_1
10304,blocco_1
10305,blocco_1
10320,blocco_1
10329,blocco_1
10351,blocco_1
10360,blocco_1
10367,blocco_1
10375,blocco_1
10386,blocco_1
10392,blocco_1
10403,blocco_1
10407,blocco_1
10425,blocco_1
10426,blocco_1
10437,blocco_1
10447,blocco_1
10460,blocco_1
10474,blocco_1
10491,blocco_1
10493,blocco_1
10499,blocco_1
10517,blocco_1
10527,blocco_1
10548,blocco_1
10557,blocco_1
10576,blocco_1
10578,blocco_1
10593,blocco_1
10601,blocco_1
10614,blocco_1
10629,blocco_1
10635,blocco_1
10656,blocco_1
10670,blocco_1
10676,blocco_1
10687,blocco_1
10714,blocco_1
10742,blocco_1
10745,blocco_1
10760,blocco_1
10782,blocco_1
10814,blocco_1
10835,blocco_1
10882,blocco_1
11855,blocco_2
11905,blocco_2
11914,blocco_2
11926,blocco_2
11947,blocco_2
11954,blocco_2
11957,blocco_2
11967,blocco_2
11978,blocco_2
11979,blocco_2
11986,blocco_2
11989,blocco_2
11998,blocco_2
12007,blocco_2
12019,blocco_2
12024,blocco_2
12026,blocco_2
12035,blocco_2
12045,blocco_2
12048,blocco_2
12049,blocco_2
12053,blocco_2
12055,blocco_2
12064,blocco_2
12065,blocco_2
12073,blocco_2
12074,blocco_2
12076,blocco_2
12077,blocco_2
12083,blocco_2
12085,blocco_2
12091,blocco_2
12094,blocco_2
12098,blocco_2
12104,blocco_2
12119,blocco_2
12124,blocco_2
12125,blocco_2
12133,blocco_2
12135,blocco_2
12141,blocco_2
12143,blocco_2
12145,blocco_2
12162,blocco_2
12167,blocco_2
12185,blocco_2
12190,blocco_2
12197,blocco_2
12210,blocco_2
12258,blocco_2
6439,blocco_3
6470,blocco_3
6513,blocco_3
6519,blocco_3
6540,blocco_3
6548,blocco_3
6558,blocco_3
6572,blocco_3
6585,blocco_3
6602,blocco_3
6612,blocco_3
6622,blocco_3
6630,blocco_3
6638,blocco_3
6641,blocco_3
6652,blocco_3
6663,blocco_3
6667,blocco_3
6673,blocco_3
6688,blocco_3
6693,blocco_3
6695,blocco_3
6702,blocco_3
6707,blocco_3
6712,blocco_3
6713,blocco_3
6720,blocco_3
6731,blocco_3
6734,blocco_3
6735,blocco_3
6742,blocco_3
6746,blocco_3
6758,blocco_3
6768,blocco_3
6769,blocco_3
6774,blocco_3
6779,blocco_3
6782,blocco_3
6789,blocco_3
6800,blocco_3
6801,blocco_3
6811,blocco_3
6812,blocco_3
6815,blocco_3
6816,blocco_3
6825,blocco_3
6830,blocco_3
6831,blocco_3
6838,blocco_3
6841,blocco_3
6845,blocco_3
6847,blocco_3
6855,blocco_3
6858,blocco_3
6861,blocco_3
6869,blocco_3
6872,blocco_3
6878,blocco_3
6885,blocco_3
6888,blocco_3
6892,blocco_3
6895,blocco_3
6896,blocco_3
6900,blocco_3
6906,blocco_3
6919,blocco_3
6921,blocco_3
6923,blocco_3
6928,blocco_3
6929,blocco_3
6932,blocco_3
6945,blocco_3
6953,blocco_3
6954,blocco_3
6955,blocco_3
6962,blocco_3
6963,blocco_3
6967,blocco_3
6979,blocco_3
6985,blocco_3
6990,blocco_3
6994,blocco_3
6998,blocco_3
7000,blocco_3
7015,blocco_3
7024,blocco_3
7031,blocco_3
7033,blocco_3
7041,blocco_3
7057,blocco_3
7068,blocco_3
7072,blocco_3
7079,blocco_3
7087,blocco_3
7096,blocco_3
7108,blocco_3
7109,blocco_3
7118,blocco_3
7130,blocco_3
7145,blocco_3
7153,blocco_3
7168,blocco_3
7169,blocco_3
7198,blocco_3
7203,blocco_3
7210,blocco_3
7234,blocco_3
7245,blocco_3
7279,blocco_3
4336,blocco_4
4387,blocco_4
4454,blocco_4
4456,blocco_4
4495,blocco_4
4505,blocco_4
4513,blocco_4
4526,blocco_4
4577,blocco_4
4578,blocco_4
4585,blocco_4
4635,blocco_4
4637,blocco_4
4644,blocco_4
4653,blocco_4
4688,blocco_4
4694,blocco_4
4713,blocco_4
4726,blocco_4
4732,blocco_4
4751,blocco_4
4768,blocco_4
4771,blocco_4
4774,blocco_4
4780,blocco_4
4820,blocco_4
4835,blocco_4
4837,blocco_4
4841,blocco_4
4850,blocco_4
4853,blocco_4
4873,blocco_4
4885,blocco_4
4896,blocco_4
4897,blocco_4
4900,blocco_4
4922,blocco_4
4939,blocco_4
4960,blocco_4
4971,blocco_4
4978,blocco_4
4984,blocco_4
4991,blocco_4
4998,blocco_4
5051,blocco_4
5065,blocco_4
5066,blocco_4
5106,blocco_4
5120,blocco_4
5139,blocco_4
5180,blocco_4
5207,blocco_4
5266,blocco_4
5272,blocco_4
5325,blocco_4
5341,blocco_4
5411,blocco_4
