plant_id,blocco,classe_originale,punteggio_originale,confidenza,distanza_soglia,classe_pixel_luminosi,punteggio_pixel_luminosi,classe_finale,esito,classe_soglia75,borderline_solo_a_75,affidabilita
9218,blocco_1,normale,0.4519018462071053,100.0,0.5480981537928947,normale,0.38719942248784583,normale,non corretta,normale,False,alta
9259,blocco_1,normale,0.5021481129985589,100.0,0.4978518870014411,normale,0.631719682079095,normale,non corretta,normale,False,alta
9294,blocco_1,normale,0.829814796264355,100.0,0.17018520373564505,normale,0.8183058408590463,normale,non corretta,normale,False,alta
9312,blocco_1,normale,0.760909052995535,100.0,0.23909094700446498,normale,0.9655225460345928,normale,non corretta,normale,False,alta
9363,blocco_1,normale,0.623731736953442,100.0,0.376268263046558,normale,0.5265301374288706,normale,non corretta,normale,False,alta
9378,blocco_1,normale,0.5576036801704994,100.0,0.44239631982950056,normale,0.48787102332481974,normale,non corretta,normale,False,alta
9399,blocco_1,normale,0.7307370992807242,75.0,0.26926290071927583,normale,0.9492798585158128,normale,non corretta,normale,False,media
9412,blocco_1,normale,0.5652583287312434,100.0,0.4347416712687566,normale,0.4267246796248051,normale,non corretta,normale,False,alta
9425,blocco_1,normale,-0.3121446325228764,100.0,1.1878553674771237,normale,-0.5914183396559495,normale,non corretta,normale,False,alta
9469,blocco_1,normale,0.030865106445092445,100.0,0.9691348935549076,normale,-0.07468317506405021,normale,non corretta,normale,False,alta
9472,blocco_1,normale,0.2595974436173072,100.0,0.7404025563826928,normale,0.13725370856431812,normale,non corretta,normale,False,alta
9480,blocco_1,normale,0.7772900874798114,100.0,0.22270991252018857,normale,0.8327653322082299,normale,non corretta,normale,False,alta
9490,blocco_1,stressata,-1.5792648568749428,50.0,0.07926485687494278,normale,-1.38923691958189,normale,"corretta, cambiata",normale,False,bassa
9515,blocco_1,normale,0.4187324276337257,100.0,0.5812675723662744,normale,0.39143145084381104,normale,non corretta,normale,False,alta
9521,blocco_1,normale,0.3954666050580832,100.0,0.6045333949419168,normale,0.19630445597263482,normale,non corretta,normale,False,alta
9544,blocco_1,normale,0.3881322879057664,100.0,0.6118677120942335,normale,0.1493507233949808,normale,non corretta,normale,False,alta
9550,blocco_1,normale,-1.4656246490776539,50.0,0.034375350922346115,normale,-1.2386407889425755,normale,"corretta, confermata",normale,False,bassa
9567,blocco_1,normale,0.48431887534948503,100.0,0.515681124650515,normale,0.19014202402188227,normale,non corretta,normale,False,alta
9572,blocco_1,normale,-1.4225879572331905,75.0,0.07741204276680946,stressata,-1.5086482651531696,normale,non corretta,stressata,True,media
9587,blocco_1,normale,0.7508152952561011,100.0,0.24918470474389887,normale,0.7928024937327092,normale,non corretta,normale,False,alta
9589,blocco_1,normale,0.4371510996268345,100.0,0.5628489003731655,normale,0.34527244476171637,normale,non corretta,normale,False,alta
9623,blocco_1,normale,0.5499976861935396,75.0,0.4500023138064604,normale,0.3379719254489128,normale,non corretta,normale,False,media
9640,blocco_1,stressata,-1.6433994024991987,75.0,0.1433994024991987,stressata,-1.8194905761629343,stressata,non corretta,stressata,False,media
9641,blocco_1,normale,0.0908109580094998,100.0,0.9091890419905002,normale,-0.05554076155217791,normale,non corretta,normale,False,alta
9663,blocco_1,normale,0.3537063002586365,100.0,0.6462936997413635,normale,0.09801922967800727,normale,non corretta,normale,False,alta
9667,blocco_1,normale,-1.0861559808254242,75.0,0.4138440191745758,normale,-1.3235637322068212,normale,non corretta,normale,False,media
9668,blocco_1,normale,0.5700631754902693,100.0,0.4299368245097307,normale,0.3491519964658297,normale,non corretta,normale,False,alta
9691,blocco_1,normale,-1.4070558547973633,75.0,0.09294414520263672,stressata,-1.6159482579678297,normale,non corretta,stressata,True,media
9697,blocco_1,normale,0.3094091552954454,100.0,0.6905908447045546,normale,0.12889724969863892,normale,non corretta,normale,False,alta
9713,blocco_1,normale,0.026281377443900467,100.0,0.9737186225560995,normale,-0.22028573502141696,normale,non corretta,normale,False,alta
9719,blocco_1,normale,0.8918673258561354,75.0,0.10813267414386463,normale,0.9259743415392362,normale,non corretta,normale,False,media
9740,blocco_1,normale,-0.9664689600467682,100.0,0.5335310399532318,normale,-1.099649727344513,normale,non corretta,normale,False,alta
9750,blocco_1,normale,0.44020147965504564,100.0,0.5597985203449544,normale,0.3052715338193453,normale,non corretta,normale,False,alta
9757,blocco_1,normale,0.34493296879988444,100.0,0.6550670312001156,normale,0.30321270685929513,normale,non corretta,normale,False,alta
9768,blocco_1,normale,-0.46482152663744414,100.0,1.035178473362556,normale,-0.8566163365657513,normale,non corretta,normale,False,alta
9779,blocco_1,normale,-1.4721255004405975,75.0,0.027874499559402466,stressata,-1.7122256010770798,normale,non corretta,stressata,True,media
9797,blocco_1,normale,0.11038449635872476,100.0,0.8896155036412753,normale,0.08642850701625532,normale,non corretta,normale,False,alta
9800,blocco_1,normale,0.24050111266282886,100.0,0.7594988873371711,normale,0.10984004070409217,normale,non corretta,normale,False,alta
9804,blocco_1,normale,0.1608159553546172,100.0,0.8391840446453828,normale,0.32367552243746245,normale,non corretta,normale,False,alta
9814,blocco_1,normale,-0.7950073443353176,100.0,0.7049926556646824,normale,-0.8691045511513947,normale,non corretta,normale,False,alta
9835,blocco_1,normale,0.31376879948836106,100.0,0.6862312005116389,normale,0.20128113604508915,normale,non corretta,normale,False,alta
9851,blocco_1,normale,0.22938665976891143,100.0,0.7706133402310886,normale,0.29342550039291376,normale,non corretta,normale,False,alta
9853,blocco_1,normale,0.48851223519215214,100.0,0.5114877648078479,normale,0.4326494290278508,normale,non corretta,normale,False,alta
9867,blocco_1,normale,-1.4603194971568882,75.0,0.03968050284311175,stressata,-1.666286241263151,normale,non corretta,stressata,True,media
9879,blocco_1,stressata,-1.5428937301039696,25.0,0.042893730103969574,stressata,-1.509638600051403,stressata,"corretta, confermata",stressata,False,bassa
9881,blocco_1,normale,0.4072798605148609,100.0,0.5927201394851391,normale,0.2968591268245991,normale,non corretta,normale,False,alta
9882,blocco_1,normale,0.8827990431051987,75.0,0.11720095689480126,normale,0.9135353744316559,normale,non corretta,normale,False,media
9891,blocco_1,normale,-0.8971841596066951,100.0,0.6028158403933049,normale,-0.9266161173582077,normale,non corretta,normale,False,alta
9902,blocco_1,normale,0.4077459344497094,100.0,0.5922540655502906,normale,0.40921637645134556,normale,non corretta,normale,False,alta
9914,blocco_1,normale,0.1220361345913261,100.0,0.8779638654086739,normale,0.31501142343040556,normale,non corretta,normale,False,alta
9923,blocco_1,normale,-1.3858143612742424,100.0,0.1141856387257576,normale,-1.4275453388690946,normale,non corretta,normale,False,alta
9941,blocco_1,normale,0.47888563000238854,100.0,0.5211143699976115,normale,0.6468043350256406,normale,non corretta,normale,False,alta
9960,blocco_1,normale,0.3875524768462548,100.0,0.6124475231537452,normale,0.2976937294006348,normale,non corretta,normale,False,alta
9981,blocco_1,normale,0.5478750146352328,100.0,0.4521249853647672,normale,0.5142914744523855,normale,non corretta,normale,False,alta
9982,blocco_1,normale,-0.7927234359085559,100.0,0.7072765640914441,normale,-0.7329353429377079,normale,non corretta,normale,False,alta
9983,blocco_1,normale,-1.0644170343875885,100.0,0.4355829656124115,normale,-0.8854277562350035,normale,non corretta,normale,False,alta
9986,blocco_1,normale,0.21188216026012716,100.0,0.7881178397398728,normale,0.05566656131010793,normale,non corretta,normale,False,alta
9991,blocco_1,normale,-1.25108132396753,100.0,0.24891867603246998,normale,-1.2018104608242328,normale,non corretta,normale,False,alta
10006,blocco_1,normale,-0.13284510187804696,100.0,1.132845101878047,normale,-0.094112706836313,normale,non corretta,normale,False,alta
10031,blocco_1,normale,0.7368034588602873,100.0,0.2631965411397127,normale,0.726682241146381,normale,non corretta,normale,False,alta
10041,blocco_1,normale,0.5206048672015852,100.0,0.47939513279841484,normale,0.49120213893743664,normale,non corretta,normale,False,alta
10053,blocco_1,normale,0.5807671890808986,75.0,0.41923281091910136,normale,0.26399944837276756,normale,non corretta,normale,False,media
10054,blocco_1,normale,-1.2288015714058511,100.0,0.2711984285941489,normale,-1.1979005202077904,normale,non corretta,normale,False,alta
10059,blocco_1,normale,-0.9261738993227482,100.0,0.5738261006772518,normale,-0.8337045833468437,normale,non corretta,normale,False,alta
10072,blocco_1,normale,0.7537516630612887,100.0,0.2462483369387113,normale,0.5918579307886271,normale,non corretta,normale,False,alta
10098,blocco_1,normale,-0.9721110165119171,100.0,0.5278889834880829,normale,-1.0193650797009468,normale,non corretta,normale,False,alta
10107,blocco_1,normale,-1.1402729451656342,100.0,0.35972705483436584,normale,-1.212847739458084,normale,non corretta,normale,False,alta
10112,blocco_1,normale,0.36243425567562765,100.0,0.6375657443243723,normale,0.09578221577864426,normale,non corretta,normale,False,alta
10150,blocco_1,normale,-1.0813913829624653,100.0,0.4186086170375347,normale,-0.8196558429626749,normale,non corretta,normale,False,alta
10163,blocco_1,normale,0.5096575067593502,100.0,0.4903424932406498,normale,0.2858570132118005,normale,non corretta,normale,False,alta
10164,blocco_1,normale,0.766347036911891,100.0,0.233652963088109,normale,0.7505161670538095,normale,non corretta,normale,False,alta
10176,blocco_1,normale,-0.9824821261259226,75.0,0.5175178738740774,normale,-1.200490584740272,normale,non corretta,normale,False,media
10182,blocco_1,normale,0.676654638006137,100.0,0.323345361993863,normale,0.6663912517520098,normale,non corretta,normale,False,alta
10183,blocco_1,normale,0.8340081847631015,75.0,0.16599181523689854,normale,0.8181288242340087,normale,non corretta,normale,False,media
10198,blocco_1,stressata,-1.6508861035108564,75.0,0.1508861035108564,stressata,-1.7384463548660278,stressata,non corretta,stressata,False,media
10210,blocco_1,stressata,-1.5327337086200714,50.0,0.03273370862007141,normale,-1.33126275241375,normale,"corretta, cambiata",normale,False,bassa
10219,blocco_1,vigorosa,1.008750658768874,25.0,0.008750658768873931,normale,0.8783588730371915,normale,"corretta, cambiata",normale,False,bassa
10231,blocco_1,normale,-0.6884207595139742,100.0,0.8115792404860258,normale,-0.7026180922985077,normale,non corretta,normale,False,alta
10237,blocco_1,normale,0.5162902611952562,100.0,0.48370973880474377,normale,0.42658809285897475,normale,non corretta,normale,False,alta
10251,blocco_1,normale,0.5778505744842383,100.0,0.42214942551576173,normale,0.43290830346254205,normale,non corretta,normale,False,alta
10257,blocco_1,normale,0.8878718752127427,75.0,0.11212812478725731,normale,0.7821524808040031,normale,non corretta,normale,False,media
10262,blocco_1,stressata,-1.513742871582508,25.0,0.013742871582508087,stressata,-1.5659060031175613,stressata,"corretta, confermata",stressata,False,bassa
10264,blocco_1,stressata,-1.8593644052743912,100.0,0.3593644052743912,stressata,-1.7011222299188373,stressata,non corretta,stressata,False,alta
10299,blocco_1,normale,-1.2692727278918028,100.0,0.2307272721081972,normale,-1.1831437796354294,normale,non corretta,normale,False,alta
10303,blocco_1,normale,0.6561895001393099,100.0,0.3438104998606901,normale,0.5228664714556475,normale,non corretta,normale,False,alta
10304,blocco_1,normale,0.7798193601461557,75.0,0.22018063985384428,normale,0.961460700401893,normale,non corretta,normale,False,media
10305,blocco_1,normale,0.7143985743706043,100.0,0.2856014256293957,normale,0.6055674008451976,normale,non corretta,normale,False,alta
10320,blocco_1,normale,0.5913462793597809,100.0,0.4086537206402191,normale,0.43202064587519723,normale,non corretta,normale,False,alta
10329,blocco_1,normale,0.49561719481761635,100.0,0.5043828051823837,normale,0.5164991089930902,normale,non corretta,normale,False,alta
10351,blocco_1,normale,-1.092027833685279,100.0,0.4079721663147211,normale,-0.7880774568766354,normale,non corretta,normale,False,alta
10360,blocco_1,normale,0.6263038080472213,100.0,0.3736961919527787,normale,0.5221297695086552,normale,non corretta,normale,False,alta
10367,blocco_1,normale,0.7518152319467984,100.0,0.24818476805320155,normale,0.751495939034682,normale,non corretta,normale,False,alta
10375,blocco_1,normale,0.500800045636984,100.0,0.499199954363016,normale,0.5836495436154879,normale,non corretta,normale,False,alta
10386,blocco_1,normale,0.9031981321481559,75.0,0.09680186785184408,normale,0.903739658685831,normale,non corretta,normale,False,media
10392,blocco_1,normale,0.8374915306384746,100.0,0.1625084693615254,normale,0.8534829754095811,normale,non corretta,normale,False,alta
10403,blocco_1,normale,0.1208532131635226,100.0,0.8791467868364774,normale,0.18997609156828663,normale,non corretta,normale,False,alta
10407,blocco_1,stressata,-2.2711632531136274,100.0,0.7711632531136274,stressata,-2.234781991690397,stressata,non corretta,stressata,False,alta
10425,blocco_1,vigorosa,1.18321221608382,100.0,0.1832122160838201,vigorosa,1.0995847571354647,vigorosa,non corretta,vigorosa,False,alta
10426,blocco_1,normale,0.5091364928163016,100.0,0.4908635071836984,normale,0.6402710538644056,normale,non corretta,normale,False,alta
10437,blocco_1,normale,-0.773702822625637,100.0,0.726297177374363,normale,-0.7705753073096274,normale,non corretta,normale,False,alta
10447,blocco_1,normale,0.785255803511693,75.0,0.214744196488307,normale,0.9251769735262945,normale,non corretta,normale,False,media
10460,blocco_1,normale,0.7812930437234732,100.0,0.2187069562765268,normale,0.6911439987329336,normale,non corretta,normale,False,alta
10474,blocco_1,normale,0.29720156467877906,100.0,0.7027984353212209,normale,0.3514745183862173,normale,non corretta,normale,False,alta
10491,blocco_1,normale,-0.48323062807321543,100.0,1.0167693719267845,normale,-0.35353330150246615,normale,non corretta,normale,False,alta
10493,blocco_1,vigorosa,1.0679903213794415,50.0,0.0679903213794415,vigorosa,1.1452536949744592,vigorosa,"corretta, confermata",vigorosa,False,bassa
10499,blocco_1,normale,0.9656129066760722,75.0,0.03438709332392775,vigorosa,1.15238827925462,normale,non corretta,vigorosa,True,media
10517,blocco_1,normale,0.622256301343441,100.0,0.377743698656559,normale,0.7221448742426358,normale,non corretta,normale,False,alta
10527,blocco_1,normale,0.541648292197631,100.0,0.458351707802369,normale,0.8141000545941868,normale,non corretta,normale,False,alta
10548,blocco_1,normale,0.04376970890622871,100.0,0.9562302910937713,normale,0.21902932112033546,normale,non corretta,normale,False,alta
10557,blocco_1,normale,0.549515582047976,100.0,0.450484417952024,normale,0.7384200279529278,normale,non corretta,normale,False,alta
10576,blocco_1,normale,0.30104249257307797,100.0,0.6989575074269221,normale,0.20969018683983734,normale,non corretta,normale,False,alta
10578,blocco_1,normale,-1.0586789213120935,75.0,0.4413210786879065,normale,-0.4376153480261564,normale,non corretta,normale,False,media
10593,blocco_1,normale,0.17955031303259042,100.0,0.8204496869674096,normale,0.2939954560536605,normale,non corretta,normale,False,alta
10601,blocco_1,normale,0.12455514531869158,100.0,0.8754448546813084,normale,0.22236785636498377,normale,non corretta,normale,False,alta
10614,blocco_1,normale,-0.034019164559700034,100.0,1.0340191645597,normale,0.059044485625166156,normale,non corretta,normale,False,alta
10629,blocco_1,normale,0.407271371437953,100.0,0.592728628562047,normale,0.6606034865746131,normale,non corretta,normale,False,alta
10635,blocco_1,normale,-0.04661397635936735,100.0,1.0466139763593674,normale,-0.13061808422207824,normale,non corretta,normale,False,alta
10656,blocco_1,normale,0.20143124117301062,100.0,0.7985687588269894,normale,0.3119507666963797,normale,non corretta,normale,False,alta
10670,blocco_1,normale,-0.7771799974143504,100.0,0.7228200025856496,normale,-0.43346618115901947,normale,non corretta,normale,False,alta
10676,blocco_1,normale,0.34868396245516264,100.0,0.6513160375448374,normale,0.4289927895252521,normale,non corretta,normale,False,alta
10687,blocco_1,normale,0.6910655131706825,100.0,0.30893448682931746,normale,0.6954788439548932,normale,non corretta,normale,False,alta
10714,blocco_1,normale,0.20230148274164936,100.0,0.7976985172583506,normale,0.2940885264139909,normale,non corretta,normale,False,alta
10742,blocco_1,normale,-0.6359510011970996,75.0,0.8640489988029004,normale,0.014852943480946122,normale,non corretta,normale,False,media
10745,blocco_1,normale,0.29383886089691746,100.0,0.7061611391030825,normale,0.4377438517717214,normale,non corretta,normale,False,alta
10760,blocco_1,normale,0.14801023098138663,100.0,0.8519897690186133,normale,0.3943774906488565,normale,non corretta,normale,False,alta
10782,blocco_1,normale,0.2073310269759252,100.0,0.7926689730240748,normale,0.22953372047497672,normale,non corretta,normale,False,alta
10814,blocco_1,normale,-0.4674144629389047,100.0,1.0325855370610952,normale,-0.10478472243994474,normale,non corretta,normale,False,alta
10835,blocco_1,normale,0.18997601133126485,100.0,0.8100239886687352,normale,0.3322539100280176,normale,non corretta,normale,False,alta
10882,blocco_1,normale,-0.36894513552005476,100.0,1.1310548644799452,normale,-0.03273682324932172,normale,non corretta,normale,False,alta
11855,blocco_2,normale,-0.6761784484753243,100.0,0.8238215515246757,normale,-0.4180402388939491,normale,non corretta,normale,False,alta
11905,blocco_2,normale,0.4042531515543278,100.0,0.5957468484456723,normale,0.4517136193238772,normale,non corretta,normale,False,alta
11914,blocco_2,normale,-0.5727771520614624,100.0,0.9272228479385376,normale,-0.5424681443434496,normale,non corretta,normale,False,alta
11926,blocco_2,normale,-0.767102782542889,100.0,0.732897217457111,normale,-0.25215912782228905,normale,non corretta,normale,False,alta
11947,blocco_2,normale,0.6258983910083771,100.0,0.3741016089916229,normale,0.5463638511987833,normale,non corretta,normale,False,alta
11954,blocco_2,vigorosa,1.1490680019442852,50.0,0.14906800194428516,normale,0.7868163195940164,normale,"corretta, cambiata",normale,False,bassa
11957,blocco_2,normale,-0.3000453997116822,100.0,1.1999546002883177,normale,-0.24789108909093419,normale,non corretta,normale,False,alta
11967,blocco_2,normale,0.13721466981447658,100.0,0.8627853301855234,normale,-0.013615649480086107,normale,non corretta,normale,False,alta
11978,blocco_2,normale,-0.599909367469641,100.0,0.900090632530359,normale,-0.291807424563628,normale,non corretta,normale,False,alta
11979,blocco_2,normale,-0.16304796934127805,100.0,1.163047969341278,normale,-0.45261897949072033,normale,non corretta,normale,False,alta
11986,blocco_2,normale,-0.422243948166187,100.0,1.077756051833813,normale,-0.2865395179161659,normale,non corretta,normale,False,alta
11989,blocco_2,normale,0.45838203338476324,100.0,0.5416179666152368,normale,0.4789433983656076,normale,non corretta,normale,False,alta
11998,blocco_2,normale,0.6000513892907363,100.0,0.3999486107092637,normale,0.45690120183504546,normale,non corretta,normale,False,alta
12007,blocco_2,normale,-0.6761321883935194,100.0,0.8238678116064806,normale,-0.48201522918847894,normale,non corretta,normale,False,alta
12019,blocco_2,normale,-0.17995974192252526,100.0,1.1799597419225252,normale,0.14244171977043152,normale,non corretta,normale,False,alta
12024,blocco_2,normale,-0.03352278241744409,100.0,1.033522782417444,normale,-0.15505362015504104,normale,non corretta,normale,False,alta
12026,blocco_2,normale,0.9684216930316045,75.0,0.031578306968395475,vigorosa,1.0659430027008057,normale,non corretta,vigorosa,True,media
12035,blocco_2,normale,-0.150131500684298,100.0,1.150131500684298,normale,-0.3814071829502399,normale,non corretta,normale,False,alta
12045,blocco_2,normale,-0.13292622594879228,100.0,1.1329262259487922,normale,0.15856055112985462,normale,non corretta,normale,False,alta
12048,blocco_2,stressata,-1.9720221482790432,100.0,0.4720221482790432,stressata,-1.8845826662503755,stressata,non corretta,stressata,False,alta
12049,blocco_2,normale,0.5810499741480901,100.0,0.4189500258519099,normale,0.4034858300135686,normale,non corretta,normale,False,alta
12053,blocco_2,normale,0.41174830152438235,75.0,0.5882516984756176,normale,0.0179050060418936,normale,non corretta,normale,False,media
12055,blocco_2,normale,-0.10532920177166279,100.0,1.1053292017716627,normale,-0.023201902325336757,normale,non corretta,normale,False,alta
12064,blocco_2,normale,0.9052664637565613,75.0,0.09473353624343872,normale,0.8372073139135654,normale,non corretta,normale,False,media
12065,blocco_2,normale,0.3404434369160579,100.0,0.6595565630839422,normale,0.16303012004265421,normale,non corretta,normale,False,alta
12073,blocco_2,normale,0.030152151217827425,100.0,0.9698478487821726,normale,0.0067917475333580165,normale,non corretta,normale,False,alta
12074,blocco_2,normale,0.06616106514747326,100.0,0.9338389348525268,normale,0.17690436026224723,normale,non corretta,normale,False,alta
12076,blocco_2,normale,-0.34316202310415417,100.0,1.1568379768958459,normale,-0.33752973549641097,normale,non corretta,normale,False,alta
12077,blocco_2,normale,0.20913010262526002,100.0,0.79086989737474,normale,0.16438724272526228,normale,non corretta,normale,False,alta
12083,blocco_2,normale,-0.18704480391282305,100.0,1.187044803912823,normale,0.0022430603320781786,normale,non corretta,normale,False,alta
12085,blocco_2,normale,-0.1560402329151447,100.0,1.1560402329151447,normale,-0.9749774574660337,normale,non corretta,normale,False,alta
12091,blocco_2,normale,0.31986469030380255,100.0,0.6801353096961975,normale,0.5613754162421594,normale,non corretta,normale,False,alta
12094,blocco_2,normale,0.4269043573966393,100.0,0.5730956426033607,normale,0.4150465211042991,normale,non corretta,normale,False,alta
12098,blocco_2,normale,-0.8104595243930817,100.0,0.6895404756069183,normale,-0.9580539098152748,normale,non corretta,normale,False,alta
12104,blocco_2,normale,-0.2533077551768377,100.0,1.2466922448231623,normale,0.21893187669607306,normale,non corretta,normale,False,alta
12119,blocco_2,normale,0.414420557136719,100.0,0.585579442863281,normale,0.5501277102873876,normale,non corretta,normale,False,alta
12124,blocco_2,normale,-0.9303661997501667,100.0,0.5696338002498333,normale,-0.977747224844419,normale,non corretta,normale,False,alta
12125,blocco_2,normale,0.31984101694363815,100.0,0.6801589830563619,normale,0.31013026031164026,normale,non corretta,normale,False,alta
12133,blocco_2,normale,-1.3518958825331466,100.0,0.14810411746685337,normale,-1.3796620982197614,normale,non corretta,normale,False,alta
12135,blocco_2,normale,0.6346487265366775,100.0,0.3653512734633225,normale,0.7719054634754475,normale,non corretta,normale,False,alta
12141,blocco_2,normale,0.48370485007762903,100.0,0.5162951499223709,normale,0.5100654730430016,normale,non corretta,normale,False,alta
12143,blocco_2,normale,0.36680121605212873,100.0,0.6331987839478712,normale,0.48235203440372754,normale,non corretta,normale,False,alta
12145,blocco_2,normale,-0.525319360769712,100.0,0.974680639230288,normale,-0.2664752138348726,normale,non corretta,normale,False,alta
12162,blocco_2,normale,0.023587957024574276,100.0,0.9764120429754257,normale,-0.06979113989151439,normale,non corretta,normale,False,alta
12167,blocco_2,normale,0.7335547231710874,75.0,0.2664452768289126,normale,0.5690962993181669,normale,non corretta,normale,False,media
12185,blocco_2,normale,-0.13163883525591624,100.0,1.1316388352559161,normale,0.1072573604492041,normale,non corretta,normale,False,alta
12190,blocco_2,normale,0.9263213322712824,75.0,0.07367866772871756,normale,0.68645107287627,normale,non corretta,normale,False,media
12197,blocco_2,normale,-0.1473915508160224,100.0,1.1473915508160224,normale,-0.2947445855690883,normale,non corretta,normale,False,alta
12210,blocco_2,normale,-0.15525938914372367,100.0,1.1552593891437237,normale,-0.26909544548163045,normale,non corretta,normale,False,alta
12258,blocco_2,normale,0.2069969268945547,100.0,0.7930030731054453,normale,-0.08305858190243064,normale,non corretta,normale,False,alta
6439,blocco_3,normale,-0.9163674879819156,100.0,0.5836325120180844,normale,-0.817142829997465,normale,non corretta,normale,False,alta
6470,blocco_3,normale,-1.2573110722005367,100.0,0.24268892779946327,normale,-1.2041917578317225,normale,non corretta,normale,False,alta
6513,blocco_3,normale,-1.052604022435844,100.0,0.44739597756415606,normale,-0.7115725986659527,normale,non corretta,normale,False,alta
6519,blocco_3,normale,-0.49719882383942604,100.0,1.002801176160574,normale,-0.5388772031292319,normale,non corretta,normale,False,alta
6540,blocco_3,normale,-1.431211180984974,100.0,0.06878881901502609,normale,-1.3516031727194784,normale,non corretta,normale,False,alta
6548,blocco_3,normale,-0.008980304934084428,100.0,1.0089803049340844,normale,0.08010837715119119,normale,non corretta,normale,False,alta
6558,blocco_3,normale,0.04641727730631829,100.0,0.9535827226936817,normale,0.009407470002770427,normale,non corretta,normale,False,alta
6572,blocco_3,normale,-0.8796063167974353,100.0,0.6203936832025647,normale,-0.7109546680003405,normale,non corretta,normale,False,alta
6585,blocco_3,normale,-0.3033161275088787,100.0,1.1966838724911213,normale,-0.38319200091063976,normale,non corretta,normale,False,alta
6602,blocco_3,normale,-1.1342235766351223,100.0,0.3657764233648777,normale,-0.9863273613154888,normale,non corretta,normale,False,alta
6612,blocco_3,normale,-0.9130147062242031,100.0,0.5869852937757969,normale,-0.6939730225130916,normale,non corretta,normale,False,alta
6622,blocco_3,normale,-0.3037886992096901,100.0,1.19621130079031,normale,-0.42092708963900805,normale,non corretta,normale,False,alta
6630,blocco_3,normale,-0.5509014651179314,100.0,0.9490985348820686,normale,-0.6845111912116408,normale,non corretta,normale,False,alta
6638,blocco_3,normale,-0.78918531909585,100.0,0.71081468090415,normale,-1.0897855870425701,normale,non corretta,normale,False,alta
6641,blocco_3,normale,-1.1187652200460434,100.0,0.3812347799539566,normale,-0.9797357895877212,normale,non corretta,normale,False,alta
6652,blocco_3,normale,-0.07674701511859897,100.0,1.076747015118599,normale,-0.005956152221187973,normale,non corretta,normale,False,alta
6663,blocco_3,normale,0.21869948320090773,100.0,0.7813005167990923,normale,0.20235373452305794,normale,non corretta,normale,False,alta
6667,blocco_3,normale,-0.6586273796856402,100.0,0.8413726203143598,normale,-0.4746534116566181,normale,non corretta,normale,False,alta
6673,blocco_3,normale,-0.31131149872089736,100.0,1.1886885012791026,normale,-0.17191872443072498,normale,non corretta,normale,False,alta
6688,blocco_3,normale,-0.7439273577183484,100.0,0.7560726422816516,normale,-0.6791048459708691,normale,non corretta,normale,False,alta
6693,blocco_3,normale,-0.0014913668856024703,100.0,1.0014913668856025,normale,-0.30870275199413294,normale,non corretta,normale,False,alta
6695,blocco_3,normale,-0.2919859242392704,75.0,1.2080140757607296,normale,0.28955594170838594,normale,non corretta,normale,False,media
6702,blocco_3,normale,-0.19952423963695762,100.0,1.1995242396369576,normale,-0.1650462169200182,normale,non corretta,normale,False,alta
6707,blocco_3,normale,-0.4297270085662603,100.0,1.0702729914337397,normale,-0.438652927055955,normale,non corretta,normale,False,alta
6712,blocco_3,normale,-0.16958905942738056,100.0,1.1695890594273806,normale,0.290930533898063,normale,non corretta,normale,False,alta
6713,blocco_3,normale,-0.774666141718626,100.0,0.725333858281374,normale,-1.0069787539541721,normale,non corretta,normale,False,alta
6720,blocco_3,normale,0.4263699650764466,100.0,0.5736300349235535,normale,0.4706205017864704,normale,non corretta,normale,False,alta
6731,blocco_3,normale,0.3844056576490402,100.0,0.6155943423509598,normale,0.45451850879908307,normale,non corretta,normale,False,alta
6734,blocco_3,normale,-1.375911794602871,100.0,0.12408820539712906,normale,-1.1007499936968086,normale,non corretta,normale,False,alta
6735,blocco_3,normale,-0.3485190123319626,100.0,1.1514809876680374,normale,-0.47867678105831146,normale,non corretta,normale,False,alta
6742,blocco_3,normale,0.2652293019928038,100.0,0.7347706980071962,normale,0.3411841783672571,normale,non corretta,normale,False,alta
6746,blocco_3,normale,-0.48212135396897793,100.0,1.017878646031022,normale,-0.7627754779532553,normale,non corretta,normale,False,alta
6758,blocco_3,normale,-0.8840300012379884,100.0,0.6159699987620116,normale,-0.8214022926986216,normale,non corretta,normale,False,alta
6768,blocco_3,normale,0.1777048707008362,100.0,0.8222951292991638,normale,0.19386335462331775,normale,non corretta,normale,False,alta
6769,blocco_3,normale,-0.5802347585558891,100.0,0.9197652414441109,normale,-0.5048531591892241,normale,non corretta,normale,False,alta
6774,blocco_3,normale,-0.17847014777362344,100.0,1.1784701477736235,normale,-0.1546359108760953,normale,non corretta,normale,False,alta
6779,blocco_3,normale,-0.10592290712520477,100.0,1.1059229071252048,normale,-0.08344234339892863,normale,non corretta,normale,False,alta
6782,blocco_3,normale,-0.36392109841108317,100.0,1.1360789015889168,normale,-0.3689462542533874,normale,non corretta,normale,False,alta
6789,blocco_3,normale,-0.5892546363174915,100.0,0.9107453636825085,normale,-0.6844834946095942,normale,non corretta,normale,False,alta
6800,blocco_3,normale,0.2364209918305278,100.0,0.7635790081694722,normale,0.3745336644351483,normale,non corretta,normale,False,alta
6801,blocco_3,normale,-0.5833086855709552,100.0,0.9166913144290448,normale,-0.6744308285415171,normale,non corretta,normale,False,alta
6811,blocco_3,normale,-0.13418029062449932,100.0,1.1341802906244993,normale,-0.2594125047326088,normale,non corretta,normale,False,alta
6812,blocco_3,normale,-0.2043770011514425,100.0,1.2043770011514425,normale,-0.5596347162500024,normale,non corretta,normale,False,alta
6815,blocco_3,normale,-0.5989548116922379,100.0,0.9010451883077621,normale,-0.4752580486238002,normale,non corretta,normale,False,alta
6816,blocco_3,normale,-0.05964645813219248,100.0,1.0596464581321925,normale,0.1483026331989095,normale,non corretta,normale,False,alta
6825,blocco_3,normale,-0.4630348673090338,100.0,1.0369651326909661,normale,-0.5767897963523864,normale,non corretta,normale,False,alta
6830,blocco_3,normale,0.11387739097699523,100.0,0.8861226090230048,normale,-0.023801960051059712,normale,non corretta,normale,False,alta
6831,blocco_3,normale,-0.48453690111637115,100.0,1.0154630988836288,normale,-0.7301906943321227,normale,non corretta,normale,False,alta
6838,blocco_3,normale,0.8132289785605211,75.0,0.18677102143947888,normale,0.7237148743409376,normale,non corretta,normale,False,media
6841,blocco_3,normale,0.576574333012104,75.0,0.42342566698789597,normale,0.4914040192961692,normale,non corretta,normale,False,media
6845,blocco_3,normale,-0.14990599453449244,100.0,1.1499059945344925,normale,-0.27166890352964396,normale,non corretta,normale,False,alta
6847,blocco_3,normale,0.5865143204573542,100.0,0.4134856795426458,normale,0.48787769209593534,normale,non corretta,normale,False,alta
6855,blocco_3,normale,-0.2539472756907344,100.0,1.2460527243092656,normale,0.17975484393537042,normale,non corretta,normale,False,alta
6858,blocco_3,normale,-0.7475359439849852,100.0,0.7524640560150148,normale,-0.8684277907013893,normale,non corretta,normale,False,alta
6861,blocco_3,normale,-0.531556176021695,100.0,0.968443823978305,normale,-0.6512801125645636,normale,non corretta,normale,False,alta
6869,blocco_3,normale,-0.1192352313261766,100.0,1.1192352313261766,normale,-0.4094968357911477,normale,non corretta,normale,False,alta
6872,blocco_3,normale,0.04462392513568582,100.0,0.9553760748643142,normale,-0.19464583580310532,normale,non corretta,normale,False,alta
6878,blocco_3,normale,0.32586773857474327,100.0,0.6741322614252567,normale,0.38373155333101744,normale,non corretta,normale,False,alta
6885,blocco_3,normale,0.32767882943153387,100.0,0.6723211705684662,normale,0.7097925157286228,normale,non corretta,normale,False,alta
6888,blocco_3,normale,0.2594816302880644,100.0,0.7405183697119355,normale,0.06203013379126786,normale,non corretta,normale,False,alta
6892,blocco_3,normale,-0.2680024616420269,100.0,1.231997538357973,normale,-0.5941422581672667,normale,non corretta,normale,False,alta
6895,blocco_3,normale,0.52420961484313,75.0,0.47579038515687,normale,0.3784873932600022,normale,non corretta,normale,False,media
6896,blocco_3,normale,0.5978633807255671,100.0,0.4021366192744329,normale,0.4278973661936246,normale,non corretta,normale,False,alta
6900,blocco_3,normale,0.8948115385495699,75.0,0.10518846145043015,vigorosa,1.1585220304819255,normale,non corretta,vigorosa,True,media
6906,blocco_3,normale,-0.16095719207078216,100.0,1.1609571920707822,normale,-0.02093440643511711,normale,non corretta,normale,False,alta
6919,blocco_3,normale,0.11003143922425805,100.0,0.8899685607757419,normale,0.12116515869274734,normale,non corretta,normale,False,alta
6921,blocco_3,normale,0.1700845984742045,100.0,0.8299154015257955,normale,0.364525044336915,normale,non corretta,normale,False,alta
6923,blocco_3,normale,0.7032480379566549,100.0,0.2967519620433451,normale,0.6144753871485591,normale,non corretta,normale,False,alta
6928,blocco_3,normale,0.7716431342638457,75.0,0.22835686573615432,normale,0.6736892461776733,normale,non corretta,normale,False,media
6929,blocco_3,vigorosa,1.4380397154734685,75.0,0.43803971547346854,vigorosa,1.0805837832964384,vigorosa,non corretta,vigorosa,False,media
6932,blocco_3,normale,0.9893890894376315,50.0,0.010610910562368514,vigorosa,1.262652351306035,vigorosa,"corretta, cambiata",vigorosa,False,bassa
6945,blocco_3,normale,0.44053488166537136,100.0,0.5594651183346286,normale,0.22423707507550716,normale,non corretta,normale,False,alta
6953,blocco_3,normale,0.04080817569047214,100.0,0.9591918243095279,normale,0.0327805707929656,normale,non corretta,normale,False,alta
6954,blocco_3,normale,-0.4754364974796772,100.0,1.0245635025203228,normale,-0.5510673237149604,normale,non corretta,normale,False,alta
6955,blocco_3,normale,0.22870429662557748,100.0,0.7712957033744225,normale,-0.0054884232007540446,normale,non corretta,normale,False,alta
6962,blocco_3,normale,0.24283048739800078,100.0,0.7571695126019993,normale,0.14486915331620434,normale,non corretta,normale,False,alta
6963,blocco_3,normale,0.20379803609102967,100.0,0.7962019639089704,normale,0.12111254967749119,normale,non corretta,normale,False,alta
6979,blocco_3,normale,-0.038644043728709214,100.0,1.0386440437287092,normale,-0.45444890763610607,normale,non corretta,normale,False,alta
6985,blocco_3,normale,0.3976973134737748,100.0,0.6023026865262252,normale,0.559099752169389,normale,non corretta,normale,False,alta
6990,blocco_3,normale,-0.18034671820127054,100.0,1.1803467182012706,normale,-0.7204064382956578,normale,non corretta,normale,False,alta
6994,blocco_3,vigorosa,1.722524386185866,100.0,0.7225243861858659,vigorosa,1.5425307383904092,vigorosa,non corretta,vigorosa,False,alta
6998,blocco_3,normale,0.12222141027450563,100.0,0.8777785897254944,normale,-0.24587900191545484,normale,non corretta,normale,False,alta
7000,blocco_3,normale,0.9073707684874535,100.0,0.09262923151254654,normale,0.8297159345820546,normale,non corretta,normale,False,alta
7015,blocco_3,normale,-0.20856381114572284,100.0,1.2085638111457229,normale,-0.3672345541417599,normale,non corretta,normale,False,alta
7024,blocco_3,normale,-0.7029494047164917,100.0,0.7970505952835083,normale,-0.609012085944414,normale,non corretta,normale,False,alta
7031,blocco_3,vigorosa,1.1822208624619703,100.0,0.18222086246197033,vigorosa,1.1138222217559814,vigorosa,non corretta,vigorosa,False,alta
7033,blocco_3,normale,0.8025491945445536,100.0,0.19745080545544635,normale,0.8885723575949669,normale,non corretta,normale,False,alta
7041,blocco_3,normale,0.17571617139037699,100.0,0.824283828609623,normale,0.08751133829355238,normale,non corretta,normale,False,alta
7057,blocco_3,normale,-0.7806502804160117,100.0,0.7193497195839883,normale,-0.7035557404160498,normale,non corretta,normale,False,alta
7068,blocco_3,normale,0.4309351630508899,100.0,0.56906483694911,normale,0.48426086828112597,normale,non corretta,normale,False,alta
7072,blocco_3,normale,0.5666493911009568,100.0,0.4333506088990432,normale,0.4475990671377915,normale,non corretta,normale,False,alta
7079,blocco_3,normale,0.40769521519541735,100.0,0.5923047848045826,normale,0.5689107812941074,normale,non corretta,normale,False,alta
7087,blocco_3,normale,-0.11741080693900585,100.0,1.1174108069390059,normale,0.21901108999736604,normale,non corretta,normale,False,alta
7096,blocco_3,normale,-0.24078587614572972,100.0,1.2407858761457298,normale,-0.09145646141125606,normale,non corretta,normale,False,alta
7108,blocco_3,normale,-0.33123895083554084,100.0,1.168761049164459,normale,-0.5064791571348906,normale,non corretta,normale,False,alta
7109,blocco_3,normale,0.2513583819381893,100.0,0.7486416180618107,normale,-0.19261128921061751,normale,non corretta,normale,False,alta
7118,blocco_3,normale,0.07123691588640216,100.0,0.9287630841135979,normale,0.21780219580978152,normale,non corretta,normale,False,alta
7130,blocco_3,normale,0.5155878905206919,100.0,0.48441210947930813,normale,0.534750709310174,normale,non corretta,normale,False,alta
7145,blocco_3,normale,0.5702544935047626,100.0,0.42974550649523735,normale,0.6353725343942642,normale,non corretta,normale,False,alta
7153,blocco_3,normale,-0.29621855227742344,100.0,1.2037814477225766,normale,-0.2898447150364518,normale,non corretta,normale,False,alta
7168,blocco_3,normale,-0.22603826550766823,100.0,1.2260382655076683,normale,-0.09707438386976716,normale,non corretta,normale,False,alta
7169,blocco_3,vigorosa,1.3058612163250263,75.0,0.3058612163250263,vigorosa,1.2684853627131536,vigorosa,non corretta,vigorosa,False,media
7198,blocco_3,normale,0.09450679365545517,100.0,0.9054932063445449,normale,0.42375563411042094,normale,non corretta,normale,False,alta
7210,blocco_3,normale,0.5887165833264588,100.0,0.4112834166735412,normale,0.9930346198379992,normale,non corretta,normale,False,alta
7234,blocco_3,normale,0.8093340213482196,100.0,0.19066597865178037,normale,0.7589581929720365,normale,non corretta,normale,False,alta
7245,blocco_3,normale,0.43934606130306536,50.0,0.5606539386969347,vigorosa,1.2196933581278875,vigorosa,"corretta, cambiata",vigorosa,False,bassa
7279,blocco_3,normale,0.6602415900964003,75.0,0.33975840990359973,normale,0.9734784273000863,normale,non corretta,normale,False,media
4336,blocco_4,normale,0.009666554164141451,100.0,0.9903334458358586,normale,0.11150630563497545,normale,non corretta,normale,False,alta
4387,blocco_4,normale,0.036008892115205526,100.0,0.9639911078847945,normale,0.049055380746722284,normale,non corretta,normale,False,alta
4454,blocco_4,normale,0.8524802923202515,75.0,0.14751970767974854,normale,0.8275119252502918,normale,non corretta,normale,False,media
4456,blocco_4,vigorosa,1.7230509192158934,75.0,0.7230509192158934,vigorosa,2.281899873400107,vigorosa,non corretta,vigorosa,False,media
4495,blocco_4,normale,0.6064026653766632,75.0,0.3935973346233368,normale,0.40960920508950954,normale,non corretta,normale,False,media
4505,blocco_4,normale,-0.560273740440607,100.0,0.939726259559393,normale,-0.5662076473236084,normale,non corretta,normale,False,alta
4513,blocco_4,normale,0.7395092658698558,75.0,0.26049073413014423,normale,0.2750122845172882,normale,non corretta,normale,False,media
4526,blocco_4,normale,-0.5841068755835294,100.0,0.9158931244164706,normale,-0.6988092549145222,normale,non corretta,normale,False,alta
4577,blocco_4,normale,0.49141456745564943,100.0,0.5085854325443506,normale,0.4113449342548847,normale,non corretta,normale,False,alta
4578,blocco_4,vigorosa,1.2348349461188681,75.0,0.23483494611886813,vigorosa,1.1093971087382388,vigorosa,non corretta,vigorosa,False,media
4585,blocco_4,normale,0.6481532789766788,100.0,0.35184672102332115,normale,0.6311202011420391,normale,non corretta,normale,False,alta
4635,blocco_4,normale,0.17593811277765778,100.0,0.8240618872223422,normale,0.14690065942704675,normale,non corretta,normale,False,alta
4637,blocco_4,normale,-0.7162931971251965,100.0,0.7837068028748035,normale,-0.622065145522356,normale,non corretta,normale,False,alta
4644,blocco_4,normale,-0.42845994979143137,100.0,1.0715400502085686,normale,-0.4772845730185508,normale,non corretta,normale,False,alta
4653,blocco_4,normale,0.20562987774610528,100.0,0.7943701222538947,normale,-0.08178306370973584,normale,non corretta,normale,False,alta
4688,blocco_4,normale,0.5878762546926737,100.0,0.4121237453073263,normale,0.6841250974684954,normale,non corretta,normale,False,alta
4694,blocco_4,normale,0.7177306753583252,75.0,0.28226932464167476,normale,0.9900854472070932,normale,non corretta,normale,False,media
4713,blocco_4,normale,-0.6784602645784616,100.0,0.8215397354215384,normale,-0.6046984381973743,normale,non corretta,normale,False,alta
4726,blocco_4,normale,-0.6716079115867614,100.0,0.8283920884132386,normale,-1.0338066779077053,normale,non corretta,normale,False,alta
4732,blocco_4,normale,0.3457900127395988,100.0,0.6542099872604012,normale,0.46492198109626776,normale,non corretta,normale,False,alta
4751,blocco_4,normale,-0.06571071594953538,100.0,1.0657107159495354,normale,0.10858253622427581,normale,non corretta,normale,False,alta
4768,blocco_4,normale,-0.24397058412432673,100.0,1.2439705841243267,normale,-0.08406994864344597,normale,non corretta,normale,False,alta
4771,blocco_4,normale,0.10490722954273227,100.0,0.8950927704572678,normale,-0.5946685671806335,normale,non corretta,normale,False,alta
4774,blocco_4,normale,-0.4251580666750669,100.0,1.074841933324933,normale,-0.6670231688767672,normale,non corretta,normale,False,alta
4780,blocco_4,normale,-0.001959409887114407,100.0,1.0019594098871145,normale,0.00827072492729011,normale,non corretta,normale,False,alta
4820,blocco_4,normale,-0.6165303625166416,100.0,0.8834696374833584,normale,-0.7869459725916386,normale,non corretta,normale,False,alta
4835,blocco_4,normale,-0.37159252935089165,100.0,1.1284074706491083,normale,-0.01913251786027105,normale,non corretta,normale,False,alta
4837,blocco_4,normale,-0.7842965517193079,100.0,0.7157034482806921,normale,-0.847030732780695,normale,non corretta,normale,False,alta
4841,blocco_4,normale,-0.8897610576823353,100.0,0.6102389423176647,normale,-0.9029231639578938,normale,non corretta,normale,False,alta
4850,blocco_4,normale,-1.0253079235553741,100.0,0.47469207644462585,normale,-0.9265554605517536,normale,non corretta,normale,False,alta
4853,blocco_4,normale,0.588987210765481,100.0,0.411012789234519,normale,0.2696849033236504,normale,non corretta,normale,False,alta
4873,blocco_4,normale,0.4457439547404647,100.0,0.5542560452595353,normale,0.52095245430246,normale,non corretta,normale,False,alta
4885,blocco_4,normale,0.08968425914645192,100.0,0.910315740853548,normale,0.34360752254724497,normale,non corretta,normale,False,alta
4896,blocco_4,normale,0.16215460101375356,100.0,0.8378453989862464,normale,0.007898224517703055,normale,non corretta,normale,False,alta
4897,blocco_4,normale,0.15236203279346225,75.0,0.8476379672065377,normale,-0.45613716728985304,normale,non corretta,normale,False,media
4900,blocco_4,normale,0.6151580438017845,100.0,0.3848419561982155,normale,0.5378029383718966,normale,non corretta,normale,False,alta
4922,blocco_4,normale,0.6507687643170357,100.0,0.3492312356829643,normale,0.46083934977650637,normale,non corretta,normale,False,alta
4939,blocco_4,normale,-0.15391610935330388,100.0,1.153916109353304,normale,0.016175126656889922,normale,non corretta,normale,False,alta
4960,blocco_4,normale,-0.2486968558805529,100.0,1.248696855880553,normale,-0.14484736160375178,normale,non corretta,normale,False,alta
4971,blocco_4,normale,-0.18563554552383718,100.0,1.1856355455238372,normale,-0.2942804205231368,normale,non corretta,normale,False,alta
4978,blocco_4,normale,0.7712096050381659,100.0,0.22879039496183406,normale,0.6407918445765971,normale,non corretta,normale,False,alta
4984,blocco_4,normale,-0.3541230699047446,100.0,1.1458769300952554,normale,0.017779827117919898,normale,non corretta,normale,False,alta
4991,blocco_4,normale,-0.26852615736424923,100.0,1.2314738426357508,normale,-0.14435280207544568,normale,non corretta,normale,False,alta
4998,blocco_4,normale,0.22950686328113076,100.0,0.7704931367188692,normale,0.26979162544012064,normale,non corretta,normale,False,alta
5051,blocco_4,normale,0.055988160893321,100.0,0.944011839106679,normale,0.16648535057902328,normale,non corretta,normale,False,alta
5065,blocco_4,normale,-0.28846224024891853,100.0,1.2115377597510815,normale,0.022760776802897446,normale,non corretta,normale,False,alta
5066,blocco_4,normale,-0.2544044135138392,100.0,1.2455955864861608,normale,-0.23230481275822967,normale,non corretta,normale,False,alta
5106,blocco_4,normale,-0.20394455455243587,100.0,1.2039445545524359,normale,-0.20018062321469188,normale,non corretta,normale,False,alta
5120,blocco_4,normale,-0.5340767661109567,100.0,0.9659232338890433,normale,-0.27110767364501953,normale,non corretta,normale,False,alta
5139,blocco_4,normale,-0.5802433763165027,100.0,0.9197566236834973,normale,-0.6432543639093637,normale,non corretta,normale,False,alta
5180,blocco_4,normale,0.06119458563625811,100.0,0.9388054143637419,normale,0.2935322597622871,normale,non corretta,normale,False,alta
5207,blocco_4,normale,-0.6528833769261836,100.0,0.8471166230738164,normale,-0.5175100900232792,normale,non corretta,normale,False,alta
5266,blocco_4,normale,-0.3343603610992431,100.0,1.1656396389007568,normale,-0.442331425845623,normale,non corretta,normale,False,alta
5272,blocco_4,normale,-0.04821814969182017,100.0,1.0482181496918201,normale,0.2050687000155449,normale,non corretta,normale,False,alta
5325,blocco_4,normale,-0.5876169810071588,100.0,0.9123830189928412,normale,-0.5100078508257866,normale,non corretta,normale,False,alta
5341,blocco_4,normale,0.5652522668242455,100.0,0.43474773317575455,normale,0.6612139493227004,normale,non corretta,normale,False,alta
5411,blocco_4,normale,-0.9463039599359035,100.0,0.5536960400640965,normale,-0.7602125592529774,normale,non corretta,normale,False,alta
